BehaviorSpace results (NetLogo 6.3.0),,,,
Brian's Brain.nlogo,,,,
experiment,,,,
10/12/2023 14:10:40:632 +0200,,,,
min-pxcor,max-pxcor,min-pycor,max-pycor,
-48,48,-48,48,
[run number],initial-density,[step],count patches with [ pcolor = white ],count patches with [ pcolor = red ]
1,0,0,0,0
2,0,0,0,0
3,0,0,0,0
4,0,0,0,0
5,0,0,0,0
6,0,0,0,0
7,0,0,0,0
8,0,0,0,0
9,0,0,0,0
10,0,0,0,0
11,0,0,0,0
12,0,0,0,0
13,0,0,0,0
14,0,0,0,0
15,0,0,0,0
16,0,0,0,0
17,0,0,0,0
18,0,0,0,0
19,0,0,0,0
20,0,0,0,0
21,0,0,0,0
22,0,0,0,0
23,0,0,0,0
24,0,0,0,0
25,0,0,0,0
26,0,0,0,0
27,0,0,0,0
28,0,0,0,0
29,0,0,0,0
30,0,0,0,0
31,0,0,0,0
32,0,0,0,0
33,0,0,0,0
34,0,0,0,0
35,0,0,0,0
36,0,0,0,0
37,0,0,0,0
38,0,0,0,0
39,0,0,0,0
40,0,0,0,0
41,0,0,0,0
42,0,0,0,0
43,0,0,0,0
44,0,0,0,0
45,0,0,0,0
46,0,0,0,0
47,0,0,0,0
48,0,0,0,0
49,0,0,0,0
50,0,0,0,0
51,0,0,0,0
52,0,0,0,0
53,0,0,0,0
54,0,0,0,0
55,0,0,0,0
56,0,0,0,0
57,0,0,0,0
58,0,0,0,0
59,0,0,0,0
60,0,0,0,0
61,0,0,0,0
62,0,0,0,0
63,0,0,0,0
64,0,0,0,0
65,0,0,0,0
66,0,0,0,0
67,0,0,0,0
68,0,0,0,0
69,0,0,0,0
70,0,0,0,0
71,0,0,0,0
72,0,0,0,0
73,0,0,0,0
74,0,0,0,0
75,0,0,0,0
76,0,0,0,0
77,0,0,0,0
78,0,0,0,0
79,0,0,0,0
80,0,0,0,0
81,0,0,0,0
82,0,0,0,0
83,0,0,0,0
84,0,0,0,0
85,0,0,0,0
86,0,0,0,0
87,0,0,0,0
88,0,0,0,0
89,0,0,0,0
90,0,0,0,0
91,0,0,0,0
92,0,0,0,0
93,0,0,0,0
94,0,0,0,0
95,0,0,0,0
96,0,0,0,0
97,0,0,0,0
98,0,0,0,0
99,0,0,0,0
100,0,0,0,0
101,0.05,433,0,0
102,0.05,684,0,0
103,0.05,376,0,0
104,0.05,500,0,0
105,0.05,1337,0,0
106,0.05,252,0,0
107,0.05,460,0,0
108,0.05,800,0,0
109,0.05,614,0,0
110,0.05,989,0,0
111,0.05,175,0,0
112,0.05,213,0,0
113,0.05,297,0,0
114,0.05,296,0,0
115,0.05,450,0,0
116,0.05,189,0,0
117,0.05,318,0,0
118,0.05,1084,0,0
119,0.05,738,0,0
120,0.05,257,0,0
121,0.05,539,0,0
122,0.05,473,0,0
123,0.05,368,0,0
124,0.05,222,0,0
125,0.05,194,0,0
126,0.05,489,0,0
127,0.05,497,0,0
128,0.05,317,0,0
129,0.05,302,0,0
130,0.05,458,0,0
131,0.05,342,0,0
132,0.05,248,0,0
133,0.05,308,0,0
134,0.05,309,0,0
135,0.05,599,0,0
136,0.05,652,0,0
137,0.05,327,0,0
138,0.05,423,0,0
139,0.05,270,0,0
140,0.05,233,0,0
141,0.05,906,0,0
142,0.05,537,0,0
143,0.05,156,0,0
144,0.05,297,0,0
145,0.05,363,0,0
146,0.05,513,0,0
147,0.05,855,0,0
148,0.05,379,0,0
149,0.05,408,0,0
150,0.05,536,0,0
151,0.05,270,0,0
152,0.05,630,0,0
153,0.05,398,0,0
154,0.05,387,0,0
155,0.05,409,0,0
156,0.05,210,0,0
157,0.05,378,0,0
158,0.05,387,0,0
159,0.05,377,0,0
160,0.05,145,0,0
161,0.05,260,0,0
162,0.05,463,0,0
163,0.05,739,0,0
164,0.05,468,0,0
165,0.05,488,0,0
166,0.05,271,0,0
167,0.05,697,0,0
168,0.05,283,0,0
169,0.05,168,0,0
170,0.05,325,0,0
171,0.05,287,0,0
172,0.05,158,0,0
173,0.05,549,0,0
174,0.05,358,0,0
175,0.05,555,0,0
176,0.05,370,0,0
177,0.05,1223,0,0
178,0.05,487,0,0
179,0.05,1020,0,0
180,0.05,341,0,0
181,0.05,385,0,0
182,0.05,264,0,0
183,0.05,306,0,0
184,0.05,551,0,0
185,0.05,280,0,0
186,0.05,175,0,0
187,0.05,563,0,0
188,0.05,372,0,0
189,0.05,532,0,0
190,0.05,691,0,0
191,0.05,286,0,0
192,0.05,542,0,0
193,0.05,283,0,0
194,0.05,205,0,0
195,0.05,228,0,0
196,0.05,328,0,0
197,0.05,328,0,0
198,0.05,658,0,0
199,0.05,354,0,0
200,0.05,163,0,0
201,0.1,394,0,0
202,0.1,263,0,0
203,0.1,426,0,0
204,0.1,545,0,0
205,0.1,449,0,0
206,0.1,177,0,0
207,0.1,284,0,0
208,0.1,321,0,0
209,0.1,280,0,0
210,0.1,265,0,0
211,0.1,627,0,0
212,0.1,466,0,0
213,0.1,277,0,0
214,0.1,130,0,0
215,0.1,398,0,0
216,0.1,222,0,0
217,0.1,298,0,0
218,0.1,318,0,0
219,0.1,171,0,0
220,0.1,286,0,0
221,0.1,484,0,0
222,0.1,358,0,0
223,0.1,930,0,0
224,0.1,464,0,0
225,0.1,470,0,0
226,0.1,293,0,0
227,0.1,190,0,0
228,0.1,225,0,0
229,0.1,493,0,0
230,0.1,351,0,0
231,0.1,469,0,0
232,0.1,352,0,0
233,0.1,202,0,0
234,0.1,424,0,0
235,0.1,315,0,0
236,0.1,284,0,0
237,0.1,279,0,0
238,0.1,254,0,0
239,0.1,254,0,0
240,0.1,562,0,0
241,0.1,712,0,0
242,0.1,705,0,0
243,0.1,1014,0,0
244,0.1,282,0,0
245,0.1,232,0,0
246,0.1,141,0,0
247,0.1,416,0,0
248,0.1,227,0,0
249,0.1,299,0,0
250,0.1,465,0,0
251,0.1,911,0,0
252,0.1,402,0,0
253,0.1,333,0,0
254,0.1,514,0,0
255,0.1,289,0,0
256,0.1,479,0,0
257,0.1,366,0,0
258,0.1,348,0,0
259,0.1,657,0,0
260,0.1,282,0,0
261,0.1,242,0,0
262,0.1,439,0,0
263,0.1,468,0,0
264,0.1,150,0,0
265,0.1,217,0,0
266,0.1,1173,0,0
267,0.1,475,0,0
268,0.1,275,0,0
269,0.1,199,0,0
270,0.1,239,0,0
271,0.1,262,0,0
272,0.1,191,0,0
273,0.1,557,0,0
274,0.1,328,0,0
275,0.1,581,0,0
276,0.1,337,0,0
277,0.1,650,0,0
278,0.1,165,0,0
279,0.1,274,0,0
280,0.1,423,0,0
281,0.1,489,0,0
282,0.1,431,0,0
283,0.1,477,0,0
284,0.1,350,0,0
285,0.1,294,0,0
286,0.1,407,0,0
287,0.1,462,0,0
288,0.1,426,0,0
289,0.1,552,0,0
290,0.1,357,0,0
291,0.1,313,0,0
292,0.1,440,0,0
293,0.1,362,0,0
294,0.1,485,0,0
295,0.1,248,0,0
296,0.1,273,0,0
297,0.1,545,0,0
298,0.1,383,0,0
299,0.1,549,0,0
300,0.1,282,0,0
301,0.15,238,0,0
302,0.15,358,0,0
303,0.15,278,0,0
304,0.15,388,0,0
305,0.15,230,0,0
306,0.15,224,0,0
307,0.15,217,0,0
308,0.15,164,0,0
309,0.15,385,0,0
310,0.15,342,0,0
311,0.15,224,0,0
312,0.15,414,0,0
313,0.15,349,0,0
314,0.15,193,0,0
315,0.15,231,0,0
316,0.15,570,0,0
317,0.15,231,0,0
318,0.15,340,0,0
319,0.15,487,0,0
320,0.15,152,0,0
321,0.15,451,0,0
322,0.15,220,0,0
323,0.15,483,0,0
324,0.15,447,0,0
325,0.15,248,0,0
326,0.15,524,0,0
327,0.15,183,0,0
328,0.15,262,0,0
329,0.15,395,0,0
330,0.15,440,0,0
331,0.15,238,0,0
332,0.15,457,0,0
333,0.15,250,0,0
334,0.15,271,0,0
335,0.15,487,0,0
336,0.15,323,0,0
337,0.15,428,0,0
338,0.15,591,0,0
339,0.15,341,0,0
340,0.15,358,0,0
341,0.15,364,0,0
342,0.15,235,0,0
343,0.15,481,0,0
344,0.15,259,0,0
345,0.15,315,0,0
346,0.15,372,0,0
347,0.15,326,0,0
348,0.15,382,0,0
349,0.15,480,0,0
350,0.15,245,0,0
351,0.15,371,0,0
352,0.15,424,0,0
353,0.15,741,0,0
354,0.15,250,0,0
355,0.15,231,0,0
356,0.15,459,0,0
357,0.15,250,0,0
358,0.15,144,0,0
359,0.15,302,0,0
360,0.15,338,0,0
361,0.15,492,0,0
362,0.15,188,0,0
363,0.15,760,0,0
364,0.15,469,0,0
365,0.15,163,0,0
366,0.15,240,0,0
367,0.15,388,0,0
368,0.15,233,0,0
369,0.15,298,0,0
370,0.15,242,0,0
371,0.15,557,0,0
372,0.15,198,0,0
373,0.15,522,0,0
374,0.15,280,0,0
375,0.15,250,0,0
376,0.15,605,0,0
377,0.15,335,0,0
378,0.15,399,0,0
379,0.15,364,0,0
380,0.15,547,0,0
381,0.15,935,0,0
382,0.15,191,0,0
383,0.15,403,0,0
384,0.15,243,0,0
385,0.15,1262,0,0
386,0.15,199,0,0
387,0.15,347,0,0
388,0.15,210,0,0
389,0.15,391,0,0
390,0.15,327,0,0
391,0.15,373,0,0
392,0.15,243,0,0
393,0.15,157,0,0
394,0.15,527,0,0
395,0.15,396,0,0
396,0.15,1173,0,0
397,0.15,222,0,0
398,0.15,231,0,0
399,0.15,362,0,0
400,0.15,304,0,0
401,0.2,364,0,0
402,0.2,461,0,0
403,0.2,428,0,0
404,0.2,221,0,0
405,0.2,482,0,0
406,0.2,380,0,0
407,0.2,326,0,0
408,0.2,231,0,0
409,0.2,324,0,0
410,0.2,649,0,0
411,0.2,1315,0,0
412,0.2,363,0,0
413,0.2,160,0,0
414,0.2,321,0,0
415,0.2,288,0,0
416,0.2,366,0,0
417,0.2,239,0,0
418,0.2,247,0,0
419,0.2,388,0,0
420,0.2,510,0,0
421,0.2,470,0,0
422,0.2,298,0,0
423,0.2,278,0,0
424,0.2,481,0,0
425,0.2,575,0,0
426,0.2,308,0,0
427,0.2,314,0,0
428,0.2,216,0,0
429,0.2,340,0,0
430,0.2,222,0,0
431,0.2,423,0,0
432,0.2,937,0,0
433,0.2,318,0,0
434,0.2,235,0,0
435,0.2,188,0,0
436,0.2,313,0,0
437,0.2,327,0,0
438,0.2,257,0,0
439,0.2,491,0,0
440,0.2,783,0,0
441,0.2,424,0,0
442,0.2,535,0,0
443,0.2,401,0,0
444,0.2,204,0,0
445,0.2,817,0,0
446,0.2,464,0,0
447,0.2,309,0,0
448,0.2,557,0,0
449,0.2,222,0,0
450,0.2,400,0,0
451,0.2,292,0,0
452,0.2,373,0,0
453,0.2,448,0,0
454,0.2,189,0,0
455,0.2,281,0,0
456,0.2,539,0,0
457,0.2,345,0,0
458,0.2,177,0,0
459,0.2,609,0,0
460,0.2,263,0,0
461,0.2,342,0,0
462,0.2,144,0,0
463,0.2,387,0,0
464,0.2,610,0,0
465,0.2,300,0,0
466,0.2,142,0,0
467,0.2,323,0,0
468,0.2,353,0,0
469,0.2,310,0,0
470,0.2,317,0,0
471,0.2,246,0,0
472,0.2,381,0,0
473,0.2,236,0,0
474,0.2,301,0,0
475,0.2,350,0,0
476,0.2,405,0,0
477,0.2,510,0,0
478,0.2,364,0,0
479,0.2,318,0,0
480,0.2,253,0,0
481,0.2,226,0,0
482,0.2,308,0,0
483,0.2,366,0,0
484,0.2,442,0,0
485,0.2,453,0,0
486,0.2,225,0,0
487,0.2,189,0,0
488,0.2,639,0,0
489,0.2,376,0,0
490,0.2,278,0,0
491,0.2,321,0,0
492,0.2,295,0,0
493,0.2,234,0,0
494,0.2,368,0,0
495,0.2,370,0,0
496,0.2,202,0,0
497,0.2,430,0,0
498,0.2,482,0,0
499,0.2,236,0,0
500,0.2,253,0,0
501,0.25,334,0,0
502,0.25,418,0,0
503,0.25,261,0,0
504,0.25,582,0,0
505,0.25,167,0,0
506,0.25,454,0,0
507,0.25,251,0,0
508,0.25,174,0,0
509,0.25,883,0,0
510,0.25,294,0,0
511,0.25,410,0,0
512,0.25,196,0,0
513,0.25,654,0,0
514,0.25,396,0,0
515,0.25,266,0,0
516,0.25,300,0,0
517,0.25,356,0,0
518,0.25,277,0,0
519,0.25,258,0,0
520,0.25,514,0,0
521,0.25,253,0,0
522,0.25,230,0,0
523,0.25,576,0,0
524,0.25,252,0,0
525,0.25,202,0,0
526,0.25,241,0,0
527,0.25,690,0,0
528,0.25,524,0,0
529,0.25,314,0,0
530,0.25,200,0,0
531,0.25,203,0,0
532,0.25,293,0,0
533,0.25,273,0,0
534,0.25,218,0,0
535,0.25,393,0,0
536,0.25,123,0,0
537,0.25,233,0,0
538,0.25,509,0,0
539,0.25,230,0,0
540,0.25,442,0,0
541,0.25,315,0,0
542,0.25,225,0,0
543,0.25,297,0,0
544,0.25,256,0,0
545,0.25,189,0,0
546,0.25,601,0,0
547,0.25,215,0,0
548,0.25,266,0,0
549,0.25,254,0,0
550,0.25,124,0,0
551,0.25,154,0,0
552,0.25,579,0,0
553,0.25,241,0,0
554,0.25,505,0,0
555,0.25,177,0,0
556,0.25,331,0,0
557,0.25,251,0,0
558,0.25,593,0,0
559,0.25,558,0,0
560,0.25,305,0,0
561,0.25,467,0,0
562,0.25,562,0,0
563,0.25,419,0,0
564,0.25,236,0,0
565,0.25,282,0,0
566,0.25,509,0,0
567,0.25,321,0,0
568,0.25,397,0,0
569,0.25,377,0,0
570,0.25,298,0,0
571,0.25,425,0,0
572,0.25,420,0,0
573,0.25,273,0,0
574,0.25,218,0,0
575,0.25,287,0,0
576,0.25,404,0,0
577,0.25,467,0,0
578,0.25,174,0,0
579,0.25,402,0,0
580,0.25,568,0,0
581,0.25,335,0,0
582,0.25,371,0,0
583,0.25,809,0,0
584,0.25,307,0,0
585,0.25,690,0,0
586,0.25,202,0,0
587,0.25,405,0,0
588,0.25,245,0,0
589,0.25,193,0,0
590,0.25,389,0,0
591,0.25,647,0,0
592,0.25,594,0,0
593,0.25,284,0,0
594,0.25,247,0,0
595,0.25,272,0,0
596,0.25,345,0,0
597,0.25,184,0,0
598,0.25,238,0,0
599,0.25,882,0,0
600,0.25,168,0,0
601,0.3,825,0,0
602,0.3,625,0,0
603,0.3,724,0,0
604,0.3,214,0,0
605,0.3,615,0,0
606,0.3,687,0,0
607,0.3,698,0,0
608,0.3,316,0,0
609,0.3,252,0,0
610,0.3,457,0,0
611,0.3,403,0,0
612,0.3,683,0,0
613,0.3,260,0,0
614,0.3,269,0,0
615,0.3,140,0,0
616,0.3,349,0,0
617,0.3,470,0,0
618,0.3,259,0,0
619,0.3,203,0,0
620,0.3,427,0,0
621,0.3,742,0,0
622,0.3,133,0,0
623,0.3,246,0,0
624,0.3,565,0,0
625,0.3,728,0,0
626,0.3,413,0,0
627,0.3,208,0,0
628,0.3,460,0,0
629,0.3,506,0,0
630,0.3,522,0,0
631,0.3,365,0,0
632,0.3,352,0,0
633,0.3,725,0,0
634,0.3,188,0,0
635,0.3,229,0,0
636,0.3,203,0,0
637,0.3,357,0,0
638,0.3,351,0,0
639,0.3,163,0,0
640,0.3,210,0,0
641,0.3,489,0,0
642,0.3,169,0,0
643,0.3,364,0,0
644,0.3,316,0,0
645,0.3,415,0,0
646,0.3,324,0,0
647,0.3,179,0,0
648,0.3,206,0,0
649,0.3,459,0,0
650,0.3,399,0,0
651,0.3,775,0,0
652,0.3,392,0,0
653,0.3,195,0,0
654,0.3,339,0,0
655,0.3,299,0,0
656,0.3,587,0,0
657,0.3,511,0,0
658,0.3,164,0,0
659,0.3,562,0,0
660,0.3,277,0,0
661,0.3,617,0,0
662,0.3,286,0,0
663,0.3,176,0,0
664,0.3,202,0,0
665,0.3,491,0,0
666,0.3,235,0,0
667,0.3,191,0,0
668,0.3,635,0,0
669,0.3,431,0,0
670,0.3,261,0,0
671,0.3,240,0,0
672,0.3,487,0,0
673,0.3,935,0,0
674,0.3,280,0,0
675,0.3,926,0,0
676,0.3,249,0,0
677,0.3,404,0,0
678,0.3,215,0,0
679,0.3,294,0,0
680,0.3,231,0,0
681,0.3,342,0,0
682,0.3,293,0,0
683,0.3,232,0,0
684,0.3,343,0,0
685,0.3,493,0,0
686,0.3,361,0,0
687,0.3,737,0,0
688,0.3,412,0,0
689,0.3,270,0,0
690,0.3,539,0,0
691,0.3,403,0,0
692,0.3,166,0,0
693,0.3,431,0,0
694,0.3,171,0,0
695,0.3,269,0,0
696,0.3,449,0,0
697,0.3,504,0,0
698,0.3,480,0,0
699,0.3,684,0,0
700,0.3,155,0,0
701,0.35,598,0,0
702,0.35,426,0,0
703,0.35,303,0,0
704,0.35,832,0,0
705,0.35,703,0,0
706,0.35,293,0,0
707,0.35,313,0,0
708,0.35,222,0,0
709,0.35,191,0,0
710,0.35,343,0,0
711,0.35,234,0,0
712,0.35,391,0,0
713,0.35,660,0,0
714,0.35,409,0,0
715,0.35,925,0,0
716,0.35,594,0,0
717,0.35,705,0,0
718,0.35,564,0,0
719,0.35,314,0,0
720,0.35,720,0,0
721,0.35,551,0,0
722,0.35,350,0,0
723,0.35,662,0,0
724,0.35,537,0,0
725,0.35,648,0,0
726,0.35,532,0,0
727,0.35,523,0,0
728,0.35,293,0,0
729,0.35,361,0,0
730,0.35,428,0,0
731,0.35,373,0,0
732,0.35,212,0,0
733,0.35,729,0,0
734,0.35,264,0,0
735,0.35,324,0,0
736,0.35,203,0,0
737,0.35,194,0,0
738,0.35,197,0,0
739,0.35,259,0,0
740,0.35,563,0,0
741,0.35,406,0,0
742,0.35,255,0,0
743,0.35,702,0,0
744,0.35,748,0,0
745,0.35,132,0,0
746,0.35,425,0,0
747,0.35,180,0,0
748,0.35,979,0,0
749,0.35,175,0,0
750,0.35,218,0,0
751,0.35,142,0,0
752,0.35,376,0,0
753,0.35,395,0,0
754,0.35,347,0,0
755,0.35,1014,0,0
756,0.35,251,0,0
757,0.35,563,0,0
758,0.35,332,0,0
759,0.35,296,0,0
760,0.35,260,0,0
761,0.35,854,0,0
762,0.35,354,0,0
763,0.35,251,0,0
764,0.35,191,0,0
765,0.35,269,0,0
766,0.35,716,0,0
767,0.35,157,0,0
768,0.35,266,0,0
769,0.35,359,0,0
770,0.35,205,0,0
771,0.35,588,0,0
772,0.35,490,0,0
773,0.35,304,0,0
774,0.35,186,0,0
775,0.35,221,0,0
776,0.35,411,0,0
777,0.35,385,0,0
778,0.35,357,0,0
779,0.35,372,0,0
780,0.35,684,0,0
781,0.35,265,0,0
782,0.35,281,0,0
783,0.35,325,0,0
784,0.35,312,0,0
785,0.35,229,0,0
786,0.35,379,0,0
787,0.35,195,0,0
788,0.35,492,0,0
789,0.35,636,0,0
790,0.35,333,0,0
791,0.35,216,0,0
792,0.35,345,0,0
793,0.35,784,0,0
794,0.35,651,0,0
795,0.35,331,0,0
796,0.35,544,0,0
797,0.35,243,0,0
798,0.35,487,0,0
799,0.35,303,0,0
800,0.35,342,0,0
801,0.4,448,0,0
802,0.4,349,0,0
803,0.4,267,0,0
804,0.4,481,0,0
805,0.4,316,0,0
806,0.4,377,0,0
807,0.4,412,0,0
808,0.4,430,0,0
809,0.4,266,0,0
810,0.4,309,0,0
811,0.4,389,0,0
812,0.4,169,0,0
813,0.4,374,0,0
814,0.4,215,0,0
815,0.4,215,0,0
816,0.4,212,0,0
817,0.4,384,0,0
818,0.4,382,0,0
819,0.4,467,0,0
820,0.4,485,0,0
821,0.4,494,0,0
822,0.4,316,0,0
823,0.4,224,0,0
824,0.4,283,0,0
825,0.4,355,0,0
826,0.4,412,0,0
827,0.4,381,0,0
828,0.4,351,0,0
829,0.4,316,0,0
830,0.4,285,0,0
831,0.4,218,0,0
832,0.4,274,0,0
833,0.4,315,0,0
834,0.4,230,0,0
835,0.4,164,0,0
836,0.4,274,0,0
837,0.4,315,0,0
838,0.4,206,0,0
839,0.4,457,0,0
840,0.4,424,0,0
841,0.4,431,0,0
842,0.4,210,0,0
843,0.4,321,0,0
844,0.4,587,0,0
845,0.4,1088,0,0
846,0.4,225,0,0
847,0.4,518,0,0
848,0.4,260,0,0
849,0.4,422,0,0
850,0.4,484,0,0
851,0.4,238,0,0
852,0.4,419,0,0
853,0.4,257,0,0
854,0.4,256,0,0
855,0.4,372,0,0
856,0.4,555,0,0
857,0.4,165,0,0
858,0.4,313,0,0
859,0.4,725,0,0
860,0.4,197,0,0
861,0.4,336,0,0
862,0.4,455,0,0
863,0.4,258,0,0
864,0.4,652,0,0
865,0.4,258,0,0
866,0.4,287,0,0
867,0.4,263,0,0
868,0.4,312,0,0
869,0.4,220,0,0
870,0.4,163,0,0
871,0.4,411,0,0
872,0.4,485,0,0
873,0.4,184,0,0
874,0.4,207,0,0
875,0.4,598,0,0
876,0.4,324,0,0
877,0.4,141,0,0
878,0.4,472,0,0
879,0.4,195,0,0
880,0.4,329,0,0
881,0.4,659,0,0
882,0.4,359,0,0
883,0.4,435,0,0
884,0.4,551,0,0
885,0.4,255,0,0
886,0.4,557,0,0
887,0.4,198,0,0
888,0.4,271,0,0
889,0.4,249,0,0
890,0.4,190,0,0
891,0.4,292,0,0
892,0.4,181,0,0
893,0.4,372,0,0
894,0.4,202,0,0
895,0.4,360,0,0
896,0.4,607,0,0
897,0.4,268,0,0
898,0.4,175,0,0
899,0.4,289,0,0
900,0.4,210,0,0
901,0.45,513,0,0
902,0.45,296,0,0
903,0.45,311,0,0
904,0.45,739,0,0
905,0.45,180,0,0
906,0.45,250,0,0
907,0.45,318,0,0
908,0.45,339,0,0
909,0.45,200,0,0
910,0.45,283,0,0
911,0.45,301,0,0
912,0.45,163,0,0
913,0.45,562,0,0
914,0.45,389,0,0
915,0.45,463,0,0
916,0.45,408,0,0
917,0.45,404,0,0
918,0.45,222,0,0
919,0.45,1013,0,0
920,0.45,512,0,0
921,0.45,217,0,0
922,0.45,444,0,0
923,0.45,170,0,0
924,0.45,208,0,0
925,0.45,471,0,0
926,0.45,448,0,0
927,0.45,184,0,0
928,0.45,240,0,0
929,0.45,473,0,0
930,0.45,248,0,0
931,0.45,418,0,0
932,0.45,398,0,0
933,0.45,150,0,0
934,0.45,337,0,0
935,0.45,711,0,0
936,0.45,367,0,0
937,0.45,344,0,0
938,0.45,918,0,0
939,0.45,176,0,0
940,0.45,214,0,0
941,0.45,550,0,0
942,0.45,269,0,0
943,0.45,226,0,0
944,0.45,228,0,0
945,0.45,229,0,0
946,0.45,383,0,0
947,0.45,306,0,0
948,0.45,275,0,0
949,0.45,264,0,0
950,0.45,285,0,0
951,0.45,197,0,0
952,0.45,325,0,0
953,0.45,182,0,0
954,0.45,920,0,0
955,0.45,212,0,0
956,0.45,277,0,0
957,0.45,300,0,0
958,0.45,302,0,0
959,0.45,448,0,0
960,0.45,406,0,0
961,0.45,388,0,0
962,0.45,316,0,0
963,0.45,234,0,0
964,0.45,737,0,0
965,0.45,353,0,0
966,0.45,371,0,0
967,0.45,208,0,0
968,0.45,247,0,0
969,0.45,755,0,0
970,0.45,543,0,0
971,0.45,465,0,0
972,0.45,183,0,0
973,0.45,695,0,0
974,0.45,139,0,0
975,0.45,227,0,0
976,0.45,254,0,0
977,0.45,691,0,0
978,0.45,352,0,0
979,0.45,594,0,0
980,0.45,435,0,0
981,0.45,343,0,0
982,0.45,521,0,0
983,0.45,506,0,0
984,0.45,230,0,0
985,0.45,382,0,0
986,0.45,508,0,0
987,0.45,398,0,0
988,0.45,281,0,0
989,0.45,377,0,0
990,0.45,355,0,0
991,0.45,695,0,0
992,0.45,717,0,0
993,0.45,196,0,0
994,0.45,401,0,0
995,0.45,315,0,0
996,0.45,207,0,0
997,0.45,341,0,0
998,0.45,137,0,0
999,0.45,373,0,0
1000,0.45,246,0,0
1001,0.5,389,0,0
1002,0.5,246,0,0
1003,0.5,199,0,0
1004,0.5,223,0,0
1005,0.5,364,0,0
1006,0.5,401,0,0
1007,0.5,464,0,0
1008,0.5,456,0,0
1009,0.5,647,0,0
1010,0.5,317,0,0
1011,0.5,937,0,0
1012,0.5,273,0,0
1013,0.5,144,0,0
1014,0.5,239,0,0
1015,0.5,241,0,0
1016,0.5,266,0,0
1017,0.5,155,0,0
1018,0.5,383,0,0
1019,0.5,599,0,0
1020,0.5,321,0,0
1021,0.5,269,0,0
1022,0.5,411,0,0
1023,0.5,397,0,0
1024,0.5,213,0,0
1025,0.5,267,0,0
1026,0.5,300,0,0
1027,0.5,402,0,0
1028,0.5,268,0,0
1029,0.5,335,0,0
1030,0.5,637,0,0
1031,0.5,650,0,0
1032,0.5,320,0,0
1033,0.5,283,0,0
1034,0.5,480,0,0
1035,0.5,769,0,0
1036,0.5,465,0,0
1037,0.5,203,0,0
1038,0.5,666,0,0
1039,0.5,568,0,0
1040,0.5,352,0,0
1041,0.5,291,0,0
1042,0.5,259,0,0
1043,0.5,329,0,0
1044,0.5,422,0,0
1045,0.5,220,0,0
1046,0.5,310,0,0
1047,0.5,205,0,0
1048,0.5,443,0,0
1049,0.5,406,0,0
1050,0.5,409,0,0
1051,0.5,321,0,0
1052,0.5,203,0,0
1053,0.5,250,0,0
1054,0.5,232,0,0
1055,0.5,143,0,0
1056,0.5,237,0,0
1057,0.5,380,0,0
1058,0.5,254,0,0
1059,0.5,284,0,0
1060,0.5,331,0,0
1061,0.5,415,0,0
1062,0.5,623,0,0
1063,0.5,461,0,0
1064,0.5,279,0,0
1065,0.5,341,0,0
1066,0.5,365,0,0
1067,0.5,521,0,0
1068,0.5,399,0,0
1069,0.5,238,0,0
1070,0.5,325,0,0
1071,0.5,245,0,0
1072,0.5,727,0,0
1073,0.5,218,0,0
1074,0.5,333,0,0
1075,0.5,571,0,0
1076,0.5,392,0,0
1077,0.5,668,0,0
1078,0.5,362,0,0
1079,0.5,445,0,0
1080,0.5,985,0,0
1081,0.5,357,0,0
1082,0.5,208,0,0
1083,0.5,307,0,0
1084,0.5,274,0,0
1085,0.5,342,0,0
1086,0.5,262,0,0
1087,0.5,211,0,0
1088,0.5,881,0,0
1089,0.5,166,0,0
1090,0.5,186,0,0
1091,0.5,117,0,0
1092,0.5,545,0,0
1093,0.5,274,0,0
1094,0.5,409,0,0
1095,0.5,193,0,0
1096,0.5,277,0,0
1097,0.5,533,0,0
1098,0.5,419,0,0
1099,0.5,565,0,0
1100,0.5,158,0,0
1101,0.55,266,0,0
1102,0.55,423,0,0
1103,0.55,288,0,0
1104,0.55,247,0,0
1105,0.55,271,0,0
1106,0.55,271,0,0
1107,0.55,376,0,0
1108,0.55,613,0,0
1109,0.55,451,0,0
1110,0.55,215,0,0
1111,0.55,800,0,0
1112,0.55,234,0,0
1113,0.55,179,0,0
1114,0.55,460,0,0
1115,0.55,369,0,0
1116,0.55,242,0,0
1117,0.55,218,0,0
1118,0.55,308,0,0
1119,0.55,265,0,0
1120,0.55,218,0,0
1121,0.55,402,0,0
1122,0.55,440,0,0
1123,0.55,364,0,0
1124,0.55,223,0,0
1125,0.55,409,0,0
1126,0.55,265,0,0
1127,0.55,303,0,0
1128,0.55,422,0,0
1129,0.55,197,0,0
1130,0.55,1126,0,0
1131,0.55,199,0,0
1132,0.55,279,0,0
1133,0.55,182,0,0
1134,0.55,310,0,0
1135,0.55,390,0,0
1136,0.55,364,0,0
1137,0.55,332,0,0
1138,0.55,346,0,0
1139,0.55,243,0,0
1140,0.55,635,0,0
1141,0.55,353,0,0
1142,0.55,310,0,0
1143,0.55,326,0,0
1144,0.55,323,0,0
1145,0.55,221,0,0
1146,0.55,560,0,0
1147,0.55,819,0,0
1148,0.55,155,0,0
1149,0.55,205,0,0
1150,0.55,700,0,0
1151,0.55,239,0,0
1152,0.55,543,0,0
1153,0.55,223,0,0
1154,0.55,425,0,0
1155,0.55,174,0,0
1156,0.55,281,0,0
1157,0.55,185,0,0
1158,0.55,238,0,0
1159,0.55,119,0,0
1160,0.55,550,0,0
1161,0.55,359,0,0
1162,0.55,515,0,0
1163,0.55,494,0,0
1164,0.55,244,0,0
1165,0.55,335,0,0
1166,0.55,652,0,0
1167,0.55,234,0,0
1168,0.55,649,0,0
1169,0.55,297,0,0
1170,0.55,485,0,0
1171,0.55,101,0,0
1172,0.55,271,0,0
1173,0.55,278,0,0
1174,0.55,264,0,0
1175,0.55,209,0,0
1176,0.55,746,0,0
1177,0.55,286,0,0
1178,0.55,392,0,0
1179,0.55,560,0,0
1180,0.55,436,0,0
1181,0.55,226,0,0
1182,0.55,440,0,0
1183,0.55,400,0,0
1184,0.55,240,0,0
1185,0.55,151,0,0
1186,0.55,155,0,0
1187,0.55,224,0,0
1188,0.55,638,0,0
1189,0.55,188,0,0
1190,0.55,207,0,0
1191,0.55,479,0,0
1192,0.55,358,0,0
1193,0.55,267,0,0
1194,0.55,528,0,0
1195,0.55,304,0,0
1196,0.55,391,0,0
1197,0.55,642,0,0
1198,0.55,191,0,0
1199,0.55,274,0,0
1200,0.55,388,0,0
1201,0.6,313,0,0
1202,0.6,633,0,0
1203,0.6,293,0,0
1204,0.6,155,0,0
1205,0.6,272,0,0
1206,0.6,359,0,0
1207,0.6,264,0,0
1208,0.6,452,0,0
1209,0.6,228,0,0
1210,0.6,246,0,0
1211,0.6,257,0,0
1212,0.6,517,0,0
1213,0.6,234,0,0
1214,0.6,107,0,0
1215,0.6,218,0,0
1216,0.6,314,0,0
1217,0.6,299,0,0
1218,0.6,280,0,0
1219,0.6,400,0,0
1220,0.6,702,0,0
1221,0.6,286,0,0
1222,0.6,416,0,0
1223,0.6,279,0,0
1224,0.6,382,0,0
1225,0.6,444,0,0
1226,0.6,223,0,0
1227,0.6,657,0,0
1228,0.6,527,0,0
1229,0.6,365,0,0
1230,0.6,318,0,0
1231,0.6,272,0,0
1232,0.6,272,0,0
1233,0.6,623,0,0
1234,0.6,469,0,0
1235,0.6,191,0,0
1236,0.6,367,0,0
1237,0.6,152,0,0
1238,0.6,394,0,0
1239,0.6,370,0,0
1240,0.6,247,0,0
1241,0.6,168,0,0
1242,0.6,213,0,0
1243,0.6,247,0,0
1244,0.6,326,0,0
1245,0.6,264,0,0
1246,0.6,249,0,0
1247,0.6,151,0,0
1248,0.6,294,0,0
1249,0.6,435,0,0
1250,0.6,465,0,0
1251,0.6,338,0,0
1252,0.6,370,0,0
1253,0.6,441,0,0
1254,0.6,298,0,0
1255,0.6,292,0,0
1256,0.6,297,0,0
1257,0.6,373,0,0
1258,0.6,428,0,0
1259,0.6,340,0,0
1260,0.6,278,0,0
1261,0.6,159,0,0
1262,0.6,360,0,0
1263,0.6,245,0,0
1264,0.6,469,0,0
1265,0.6,304,0,0
1266,0.6,332,0,0
1267,0.6,247,0,0
1268,0.6,265,0,0
1269,0.6,256,0,0
1270,0.6,464,0,0
1271,0.6,128,0,0
1272,0.6,275,0,0
1273,0.6,357,0,0
1274,0.6,997,0,0
1275,0.6,502,0,0
1276,0.6,228,0,0
1277,0.6,189,0,0
1278,0.6,488,0,0
1279,0.6,335,0,0
1280,0.6,273,0,0
1281,0.6,270,0,0
1282,0.6,145,0,0
1283,0.6,282,0,0
1284,0.6,565,0,0
1285,0.6,347,0,0
1286,0.6,421,0,0
1287,0.6,213,0,0
1288,0.6,460,0,0
1289,0.6,362,0,0
1290,0.6,672,0,0
1291,0.6,431,0,0
1292,0.6,165,0,0
1293,0.6,272,0,0
1294,0.6,307,0,0
1295,0.6,219,0,0
1296,0.6,331,0,0
1297,0.6,406,0,0
1298,0.6,335,0,0
1299,0.6,283,0,0
1300,0.6,239,0,0
1301,0.65,525,0,0
1302,0.65,383,0,0
1303,0.65,494,0,0
1304,0.65,409,0,0
1305,0.65,272,0,0
1306,0.65,321,0,0
1307,0.65,357,0,0
1308,0.65,164,0,0
1309,0.65,516,0,0
1310,0.65,319,0,0
1311,0.65,501,0,0
1312,0.65,242,0,0
1313,0.65,338,0,0
1314,0.65,500,0,0
1315,0.65,506,0,0
1316,0.65,466,0,0
1317,0.65,205,0,0
1318,0.65,278,0,0
1319,0.65,90,0,0
1320,0.65,313,0,0
1321,0.65,377,0,0
1322,0.65,159,0,0
1323,0.65,877,0,0
1324,0.65,392,0,0
1325,0.65,912,0,0
1326,0.65,491,0,0
1327,0.65,197,0,0
1328,0.65,381,0,0
1329,0.65,442,0,0
1330,0.65,172,0,0
1331,0.65,245,0,0
1332,0.65,93,0,0
1333,0.65,469,0,0
1334,0.65,603,0,0
1335,0.65,206,0,0
1336,0.65,151,0,0
1337,0.65,359,0,0
1338,0.65,87,0,0
1339,0.65,264,0,0
1340,0.65,217,0,0
1341,0.65,241,0,0
1342,0.65,334,0,0
1343,0.65,349,0,0
1344,0.65,400,0,0
1345,0.65,326,0,0
1346,0.65,293,0,0
1347,0.65,374,0,0
1348,0.65,657,0,0
1349,0.65,239,0,0
1350,0.65,103,0,0
1351,0.65,337,0,0
1352,0.65,246,0,0
1353,0.65,100,0,0
1354,0.65,585,0,0
1355,0.65,412,0,0
1356,0.65,287,0,0
1357,0.65,248,0,0
1358,0.65,363,0,0
1359,0.65,99,0,0
1360,0.65,215,0,0
1361,0.65,219,0,0
1362,0.65,241,0,0
1363,0.65,347,0,0
1364,0.65,315,0,0
1365,0.65,528,0,0
1366,0.65,272,0,0
1367,0.65,377,0,0
1368,0.65,223,0,0
1369,0.65,259,0,0
1370,0.65,165,0,0
1371,0.65,428,0,0
1372,0.65,201,0,0
1373,0.65,348,0,0
1374,0.65,399,0,0
1375,0.65,231,0,0
1376,0.65,894,0,0
1377,0.65,871,0,0
1378,0.65,164,0,0
1379,0.65,424,0,0
1380,0.65,234,0,0
1381,0.65,226,0,0
1382,0.65,280,0,0
1383,0.65,321,0,0
1384,0.65,328,0,0
1385,0.65,206,0,0
1386,0.65,712,0,0
1387,0.65,425,0,0
1388,0.65,335,0,0
1389,0.65,99,0,0
1390,0.65,347,0,0
1391,0.65,287,0,0
1392,0.65,203,0,0
1393,0.65,425,0,0
1394,0.65,562,0,0
1395,0.65,352,0,0
1396,0.65,319,0,0
1397,0.65,234,0,0
1398,0.65,348,0,0
1399,0.65,355,0,0
1400,0.65,252,0,0
1401,0.7,504,0,0
1402,0.7,245,0,0
1403,0.7,99,0,0
1404,0.7,346,0,0
1405,0.7,387,0,0
1406,0.7,253,0,0
1407,0.7,581,0,0
1408,0.7,180,0,0
1409,0.7,917,0,0
1410,0.7,413,0,0
1411,0.7,385,0,0
1412,0.7,511,0,0
1413,0.7,183,0,0
1414,0.7,245,0,0
1415,0.7,212,0,0
1416,0.7,251,0,0
1417,0.7,64,0,0
1418,0.7,267,0,0
1419,0.7,249,0,0
1420,0.7,235,0,0
1421,0.7,452,0,0
1422,0.7,297,0,0
1423,0.7,150,0,0
1424,0.7,11,0,0
1425,0.7,426,0,0
1426,0.7,378,0,0
1427,0.7,735,0,0
1428,0.7,88,0,0
1429,0.7,54,0,0
1430,0.7,84,0,0
1431,0.7,312,0,0
1432,0.7,52,0,0
1433,0.7,496,0,0
1434,0.7,99,0,0
1435,0.7,99,0,0
1436,0.7,206,0,0
1437,0.7,663,0,0
1438,0.7,333,0,0
1439,0.7,99,0,0
1440,0.7,246,0,0
1441,0.7,273,0,0
1442,0.7,254,0,0
1443,0.7,223,0,0
1444,0.7,471,0,0
1445,0.7,299,0,0
1446,0.7,237,0,0
1447,0.7,304,0,0
1448,0.7,316,0,0
1449,0.7,577,0,0
1450,0.7,465,0,0
1451,0.7,188,0,0
1452,0.7,136,0,0
1453,0.7,224,0,0
1454,0.7,79,0,0
1455,0.7,537,0,0
1456,0.7,380,0,0
1457,0.7,768,0,0
1458,0.7,173,0,0
1459,0.7,269,0,0
1460,0.7,380,0,0
1461,0.7,448,0,0
1462,0.7,194,0,0
1463,0.7,171,0,0
1464,0.7,354,0,0
1465,0.7,391,0,0
1466,0.7,99,0,0
1467,0.7,248,0,0
1468,0.7,528,0,0
1469,0.7,96,0,0
1470,0.7,105,0,0
1471,0.7,290,0,0
1472,0.7,99,0,0
1473,0.7,319,0,0
1474,0.7,421,0,0
1475,0.7,345,0,0
1476,0.7,305,0,0
1477,0.7,526,0,0
1478,0.7,369,0,0
1479,0.7,216,0,0
1480,0.7,132,0,0
1481,0.7,258,0,0
1482,0.7,588,0,0
1483,0.7,389,0,0
1484,0.7,400,0,0
1485,0.7,104,0,0
1486,0.7,327,0,0
1487,0.7,260,0,0
1488,0.7,688,0,0
1489,0.7,507,0,0
1490,0.7,302,0,0
1491,0.7,233,0,0
1492,0.7,275,0,0
1493,0.7,235,0,0
1494,0.7,227,0,0
1495,0.7,285,0,0
1496,0.7,268,0,0
1497,0.7,678,0,0
1498,0.7,190,0,0
1499,0.7,554,0,0
1500,0.7,478,0,0
1501,0.75,316,0,0
1502,0.75,66,0,0
1503,0.75,838,0,0
1504,0.75,88,0,0
1505,0.75,180,0,0
1506,0.75,346,0,0
1507,0.75,308,0,0
1508,0.75,59,0,0
1509,0.75,99,0,0
1510,0.75,99,0,0
1511,0.75,258,0,0
1512,0.75,295,0,0
1513,0.75,301,0,0
1514,0.75,4,0,0
1515,0.75,218,0,0
1516,0.75,100,0,0
1517,0.75,845,0,0
1518,0.75,62,0,0
1519,0.75,100,0,0
1520,0.75,99,0,0
1521,0.75,36,0,0
1522,0.75,457,0,0
1523,0.75,99,0,0
1524,0.75,480,0,0
1525,0.75,99,0,0
1526,0.75,5,0,0
1527,0.75,76,0,0
1528,0.75,140,0,0
1529,0.75,345,0,0
1530,0.75,4,0,0
1531,0.75,238,0,0
1532,0.75,6,0,0
1533,0.75,245,0,0
1534,0.75,6,0,0
1535,0.75,99,0,0
1536,0.75,4,0,0
1537,0.75,924,0,0
1538,0.75,261,0,0
1539,0.75,99,0,0
1540,0.75,98,0,0
1541,0.75,85,0,0
1542,0.75,205,0,0
1543,0.75,9,0,0
1544,0.75,99,0,0
1545,0.75,35,0,0
1546,0.75,122,0,0
1547,0.75,99,0,0
1548,0.75,99,0,0
1549,0.75,99,0,0
1550,0.75,210,0,0
1551,0.75,490,0,0
1552,0.75,305,0,0
1553,0.75,3,0,0
1554,0.75,160,0,0
1555,0.75,19,0,0
1556,0.75,652,0,0
1557,0.75,341,0,0
1558,0.75,229,0,0
1559,0.75,8,0,0
1560,0.75,227,0,0
1561,0.75,778,0,0
1562,0.75,358,0,0
1563,0.75,216,0,0
1564,0.75,40,0,0
1565,0.75,6,0,0
1566,0.75,95,0,0
1567,0.75,11,0,0
1568,0.75,62,0,0
1569,0.75,281,0,0
1570,0.75,99,0,0
1571,0.75,99,0,0
1572,0.75,99,0,0
1573,0.75,99,0,0
1574,0.75,333,0,0
1575,0.75,4,0,0
1576,0.75,246,0,0
1577,0.75,195,0,0
1578,0.75,89,0,0
1579,0.75,102,0,0
1580,0.75,99,0,0
1581,0.75,300,0,0
1582,0.75,99,0,0
1583,0.75,100,0,0
1584,0.75,373,0,0
1585,0.75,255,0,0
1586,0.75,99,0,0
1587,0.75,99,0,0
1588,0.75,99,0,0
1589,0.75,4,0,0
1590,0.75,40,0,0
1591,0.75,3,0,0
1592,0.75,156,0,0
1593,0.75,234,0,0
1594,0.75,16,0,0
1595,0.75,1080,0,0
1596,0.75,225,0,0
1597,0.75,99,0,0
1598,0.75,513,0,0
1599,0.75,311,0,0
1600,0.75,5,0,0
1601,0.8,4,0,0
1602,0.8,99,0,0
1603,0.8,99,0,0
1604,0.8,339,0,0
1605,0.8,3,0,0
1606,0.8,3,0,0
1607,0.8,3,0,0
1608,0.8,3,0,0
1609,0.8,81,0,0
1610,0.8,4,0,0
1611,0.8,249,0,0
1612,0.8,4,0,0
1613,0.8,4,0,0
1614,0.8,3,0,0
1615,0.8,4,0,0
1616,0.8,4,0,0
1617,0.8,3,0,0
1618,0.8,99,0,0
1619,0.8,3,0,0
1620,0.8,3,0,0
1621,0.8,100,0,0
1622,0.8,6,0,0
1623,0.8,3,0,0
1624,0.8,99,0,0
1625,0.8,4,0,0
1626,0.8,4,0,0
1627,0.8,4,0,0
1628,0.8,87,0,0
1629,0.8,3,0,0
1630,0.8,3,0,0
1631,0.8,161,0,0
1632,0.8,3,0,0
1633,0.8,3,0,0
1634,0.8,3,0,0
1635,0.8,4,0,0
1636,0.8,3,0,0
1637,0.8,6,0,0
1638,0.8,99,0,0
1639,0.8,4,0,0
1640,0.8,3,0,0
1641,0.8,99,0,0
1642,0.8,3,0,0
1643,0.8,464,0,0
1644,0.8,308,0,0
1645,0.8,8,0,0
1646,0.8,383,0,0
1647,0.8,4,0,0
1648,0.8,4,0,0
1649,0.8,99,0,0
1650,0.8,90,0,0
1651,0.8,2,0,0
1652,0.8,99,0,0
1653,0.8,3,0,0
1654,0.8,99,0,0
1655,0.8,4,0,0
1656,0.8,4,0,0
1657,0.8,7,0,0
1658,0.8,34,0,0
1659,0.8,57,0,0
1660,0.8,213,0,0
1661,0.8,4,0,0
1662,0.8,224,0,0
1663,0.8,99,0,0
1664,0.8,3,0,0
1665,0.8,3,0,0
1666,0.8,99,0,0
1667,0.8,3,0,0
1668,0.8,3,0,0
1669,0.8,6,0,0
1670,0.8,99,0,0
1671,0.8,4,0,0
1672,0.8,99,0,0
1673,0.8,3,0,0
1674,0.8,3,0,0
1675,0.8,4,0,0
1676,0.8,4,0,0
1677,0.8,3,0,0
1678,0.8,99,0,0
1679,0.8,4,0,0
1680,0.8,32,0,0
1681,0.8,104,0,0
1682,0.8,3,0,0
1683,0.8,99,0,0
1684,0.8,387,0,0
1685,0.8,1456,0,0
1686,0.8,3,0,0
1687,0.8,4,0,0
1688,0.8,99,0,0
1689,0.8,374,0,0
1690,0.8,3,0,0
1691,0.8,448,0,0
1692,0.8,3,0,0
1693,0.8,99,0,0
1694,0.8,3,0,0
1695,0.8,4,0,0
1696,0.8,3,0,0
1697,0.8,3,0,0
1698,0.8,3,0,0
1699,0.8,99,0,0
1700,0.8,3,0,0
1701,0.85,4,0,0
1702,0.85,3,0,0
1703,0.85,2,0,0
1704,0.85,3,0,0
1705,0.85,3,0,0
1706,0.85,99,0,0
1707,0.85,2,0,0
1708,0.85,3,0,0
1709,0.85,99,0,0
1710,0.85,3,0,0
1711,0.85,3,0,0
1712,0.85,3,0,0
1713,0.85,99,0,0
1714,0.85,3,0,0
1715,0.85,99,0,0
1716,0.85,3,0,0
1717,0.85,3,0,0
1718,0.85,4,0,0
1719,0.85,2,0,0
1720,0.85,3,0,0
1721,0.85,2,0,0
1722,0.85,3,0,0
1723,0.85,2,0,0
1724,0.85,3,0,0
1725,0.85,3,0,0
1726,0.85,3,0,0
1727,0.85,2,0,0
1728,0.85,3,0,0
1729,0.85,2,0,0
1730,0.85,3,0,0
1731,0.85,3,0,0
1732,0.85,3,0,0
1733,0.85,3,0,0
1734,0.85,3,0,0
1735,0.85,2,0,0
1736,0.85,2,0,0
1737,0.85,3,0,0
1738,0.85,3,0,0
1739,0.85,3,0,0
1740,0.85,3,0,0
1741,0.85,3,0,0
1742,0.85,3,0,0
1743,0.85,3,0,0
1744,0.85,99,0,0
1745,0.85,2,0,0
1746,0.85,2,0,0
1747,0.85,3,0,0
1748,0.85,2,0,0
1749,0.85,3,0,0
1750,0.85,6,0,0
1751,0.85,99,0,0
1752,0.85,2,0,0
1753,0.85,2,0,0
1754,0.85,2,0,0
1755,0.85,3,0,0
1756,0.85,2,0,0
1757,0.85,3,0,0
1758,0.85,3,0,0
1759,0.85,3,0,0
1760,0.85,2,0,0
1761,0.85,3,0,0
1762,0.85,99,0,0
1763,0.85,3,0,0
1764,0.85,3,0,0
1765,0.85,3,0,0
1766,0.85,2,0,0
1767,0.85,4,0,0
1768,0.85,2,0,0
1769,0.85,3,0,0
1770,0.85,6,0,0
1771,0.85,3,0,0
1772,0.85,3,0,0
1773,0.85,3,0,0
1774,0.85,3,0,0
1775,0.85,99,0,0
1776,0.85,50,0,0
1777,0.85,4,0,0
1778,0.85,2,0,0
1779,0.85,3,0,0
1780,0.85,3,0,0
1781,0.85,3,0,0
1782,0.85,2,0,0
1783,0.85,3,0,0
1784,0.85,3,0,0
1785,0.85,3,0,0
1786,0.85,2,0,0
1787,0.85,3,0,0
1788,0.85,2,0,0
1789,0.85,2,0,0
1790,0.85,3,0,0
1791,0.85,2,0,0
1792,0.85,2,0,0
1793,0.85,3,0,0
1794,0.85,3,0,0
1795,0.85,99,0,0
1796,0.85,3,0,0
1797,0.85,3,0,0
1798,0.85,3,0,0
1799,0.85,99,0,0
1800,0.85,3,0,0
1801,0.9,2,0,0
1802,0.9,2,0,0
1803,0.9,3,0,0
1804,0.9,2,0,0
1805,0.9,4,0,0
1806,0.9,99,0,0
1807,0.9,2,0,0
1808,0.9,2,0,0
1809,0.9,2,0,0
1810,0.9,2,0,0
1811,0.9,2,0,0
1812,0.9,2,0,0
1813,0.9,2,0,0
1814,0.9,2,0,0
1815,0.9,3,0,0
1816,0.9,2,0,0
1817,0.9,2,0,0
1818,0.9,2,0,0
1819,0.9,2,0,0
1820,0.9,2,0,0
1821,0.9,3,0,0
1822,0.9,2,0,0
1823,0.9,2,0,0
1824,0.9,2,0,0
1825,0.9,2,0,0
1826,0.9,2,0,0
1827,0.9,2,0,0
1828,0.9,2,0,0
1829,0.9,2,0,0
1830,0.9,2,0,0
1831,0.9,3,0,0
1832,0.9,2,0,0
1833,0.9,2,0,0
1834,0.9,3,0,0
1835,0.9,2,0,0
1836,0.9,3,0,0
1837,0.9,2,0,0
1838,0.9,99,0,0
1839,0.9,2,0,0
1840,0.9,2,0,0
1841,0.9,2,0,0
1842,0.9,3,0,0
1843,0.9,2,0,0
1844,0.9,2,0,0
1845,0.9,2,0,0
1846,0.9,2,0,0
1847,0.9,2,0,0
1848,0.9,3,0,0
1849,0.9,2,0,0
1850,0.9,3,0,0
1851,0.9,2,0,0
1852,0.9,2,0,0
1853,0.9,2,0,0
1854,0.9,4,0,0
1855,0.9,99,0,0
1856,0.9,2,0,0
1857,0.9,3,0,0
1858,0.9,2,0,0
1859,0.9,2,0,0
1860,0.9,2,0,0
1861,0.9,3,0,0
1862,0.9,2,0,0
1863,0.9,2,0,0
1864,0.9,2,0,0
1865,0.9,2,0,0
1866,0.9,2,0,0
1867,0.9,2,0,0
1868,0.9,2,0,0
1869,0.9,3,0,0
1870,0.9,2,0,0
1871,0.9,3,0,0
1872,0.9,2,0,0
1873,0.9,2,0,0
1874,0.9,2,0,0
1875,0.9,2,0,0
1876,0.9,2,0,0
1877,0.9,2,0,0
1878,0.9,2,0,0
1879,0.9,2,0,0
1880,0.9,3,0,0
1881,0.9,2,0,0
1882,0.9,2,0,0
1883,0.9,2,0,0
1884,0.9,2,0,0
1885,0.9,2,0,0
1886,0.9,2,0,0
1887,0.9,2,0,0
1888,0.9,2,0,0
1889,0.9,3,0,0
1890,0.9,3,0,0
1891,0.9,2,0,0
1892,0.9,2,0,0
1893,0.9,2,0,0
1894,0.9,2,0,0
1895,0.9,3,0,0
1896,0.9,2,0,0
1897,0.9,2,0,0
1898,0.9,2,0,0
1899,0.9,2,0,0
1900,0.9,2,0,0
1901,0.95,2,0,0
1902,0.95,2,0,0
1903,0.95,2,0,0
1904,0.95,2,0,0
1905,0.95,2,0,0
1906,0.95,2,0,0
1907,0.95,2,0,0
1908,0.95,2,0,0
1909,0.95,2,0,0
1910,0.95,2,0,0
1911,0.95,2,0,0
1912,0.95,2,0,0
1913,0.95,2,0,0
1914,0.95,2,0,0
1915,0.95,2,0,0
1916,0.95,2,0,0
1917,0.95,2,0,0
1918,0.95,2,0,0
1919,0.95,2,0,0
1920,0.95,2,0,0
1921,0.95,2,0,0
1922,0.95,2,0,0
1923,0.95,2,0,0
1924,0.95,2,0,0
1925,0.95,2,0,0
1926,0.95,3,0,0
1927,0.95,2,0,0
1928,0.95,2,0,0
1929,0.95,2,0,0
1930,0.95,2,0,0
1931,0.95,2,0,0
1932,0.95,2,0,0
1933,0.95,2,0,0
1934,0.95,2,0,0
1935,0.95,2,0,0
1936,0.95,2,0,0
1937,0.95,3,0,0
1938,0.95,2,0,0
1939,0.95,2,0,0
1940,0.95,2,0,0
1941,0.95,2,0,0
1942,0.95,2,0,0
1943,0.95,2,0,0
1944,0.95,2,0,0
1945,0.95,2,0,0
1946,0.95,2,0,0
1947,0.95,2,0,0
1948,0.95,2,0,0
1949,0.95,2,0,0
1950,0.95,2,0,0
1951,0.95,2,0,0
1952,0.95,2,0,0
1953,0.95,3,0,0
1954,0.95,2,0,0
1955,0.95,2,0,0
1956,0.95,2,0,0
1957,0.95,2,0,0
1958,0.95,2,0,0
1959,0.95,2,0,0
1960,0.95,2,0,0
1961,0.95,2,0,0
1962,0.95,2,0,0
1963,0.95,2,0,0
1964,0.95,2,0,0
1965,0.95,2,0,0
1966,0.95,2,0,0
1967,0.95,2,0,0
1968,0.95,3,0,0
1969,0.95,2,0,0
1970,0.95,2,0,0
1971,0.95,2,0,0
1972,0.95,2,0,0
1973,0.95,2,0,0
1974,0.95,2,0,0
1975,0.95,2,0,0
1976,0.95,2,0,0
1977,0.95,2,0,0
1978,0.95,2,0,0
1979,0.95,2,0,0
1980,0.95,2,0,0
1981,0.95,2,0,0
1982,0.95,2,0,0
1983,0.95,2,0,0
1984,0.95,2,0,0
1985,0.95,2,0,0
1986,0.95,2,0,0
1987,0.95,2,0,0
1988,0.95,2,0,0
1989,0.95,2,0,0
1990,0.95,2,0,0
1991,0.95,2,0,0
1992,0.95,2,0,0
1993,0.95,2,0,0
1994,0.95,2,0,0
1995,0.95,2,0,0
1996,0.95,2,0,0
1997,0.95,2,0,0
1998,0.95,2,0,0
1999,0.95,2,0,0
2000,0.95,3,0,0
2001,1,2,0,0
2002,1,2,0,0
2003,1,2,0,0
2004,1,2,0,0
2005,1,2,0,0
2006,1,2,0,0
2007,1,2,0,0
2008,1,2,0,0
2009,1,2,0,0
2010,1,2,0,0
2011,1,2,0,0
2012,1,2,0,0
2013,1,2,0,0
2014,1,2,0,0
2015,1,2,0,0
2016,1,2,0,0
2017,1,2,0,0
2018,1,2,0,0
2019,1,2,0,0
2020,1,2,0,0
2021,1,2,0,0
2022,1,2,0,0
2023,1,2,0,0
2024,1,2,0,0
2025,1,2,0,0
2026,1,2,0,0
2027,1,2,0,0
2028,1,2,0,0
2029,1,2,0,0
2030,1,2,0,0
2031,1,2,0,0
2032,1,2,0,0
2033,1,2,0,0
2034,1,2,0,0
2035,1,2,0,0
2036,1,2,0,0
2037,1,2,0,0
2038,1,2,0,0
2039,1,2,0,0
2040,1,2,0,0
2041,1,2,0,0
2042,1,2,0,0
2043,1,2,0,0
2044,1,2,0,0
2045,1,2,0,0
2046,1,2,0,0
2047,1,2,0,0
2048,1,2,0,0
2049,1,2,0,0
2050,1,2,0,0
2051,1,2,0,0
2052,1,2,0,0
2053,1,2,0,0
2054,1,2,0,0
2055,1,2,0,0
2056,1,2,0,0
2057,1,2,0,0
2058,1,2,0,0
2059,1,2,0,0
2060,1,2,0,0
2061,1,2,0,0
2062,1,2,0,0
2063,1,2,0,0
2064,1,2,0,0
2065,1,2,0,0
2066,1,2,0,0
2067,1,2,0,0
2068,1,2,0,0
2069,1,2,0,0
2070,1,2,0,0
2071,1,2,0,0
2072,1,2,0,0
2073,1,2,0,0
2074,1,2,0,0
2075,1,2,0,0
2076,1,2,0,0
2077,1,2,0,0
2078,1,2,0,0
2079,1,2,0,0
2080,1,2,0,0
2081,1,2,0,0
2082,1,2,0,0
2083,1,2,0,0
2084,1,2,0,0
2085,1,2,0,0
2086,1,2,0,0
2087,1,2,0,0
2088,1,2,0,0
2089,1,2,0,0
2090,1,2,0,0
2091,1,2,0,0
2092,1,2,0,0
2093,1,2,0,0
2094,1,2,0,0
2095,1,2,0,0
2096,1,2,0,0
2097,1,2,0,0
2098,1,2,0,0
2099,1,2,0,0
2100,1,2,0,0
